[
    {
        "id": "e945457b85248933",
        "type": "tab",
        "label": "Projet",
        "disabled": false,
        "info": "",
        "env": []
    },
    {
        "id": "4003fb74d4c52910",
        "type": "group",
        "z": "e945457b85248933",
        "name": "Données Méteo",
        "style": {
            "label": true
        },
        "nodes": [
            "fcd0162c4886fa22",
            "be9ba0aef07af86a",
            "0a04f23a5d4c3218",
            "b668badd4ed3a22f",
            "76c681c8ed4acc53",
            "fd5b50c21a3cd22e",
            "c361bd08ba50392f",
            "334b67e3014f9930"
        ],
        "x": 154,
        "y": 259,
        "w": 852,
        "h": 262
    },
    {
        "id": "d18c9478209caf8c",
        "type": "group",
        "z": "e945457b85248933",
        "name": "Legende",
        "style": {
            "label": true
        },
        "nodes": [
            "0c4b49ca7273310a",
            "38fef16bdc183df6"
        ],
        "x": 154,
        "y": 119,
        "w": 212,
        "h": 122
    },
    {
        "id": "02116ec9e38245bf",
        "type": "group",
        "z": "e945457b85248933",
        "name": "Exec et envoie des donées widget",
        "style": {
            "label": true
        },
        "nodes": [
            "5f837385c45be716",
            "aa2c025abe71c727",
            "2738cf75fa412719",
            "30580e4cf82b13e8",
            "2b900f5dd90189c3",
            "e20923262b5adadb",
            "1a3dcff257bdec27",
            "7dce2b798bf3c410",
            "44dc984ac2ee901b",
            "bd5f543c87928045",
            "399739fcda4e36dd",
            "f989edc854b7d886",
            "0d926babd3157b65",
            "01c21edd96477e45"
        ],
        "x": 34,
        "y": 599,
        "w": 1552,
        "h": 302
    },
    {
        "id": "f474f1a5f19bdea8",
        "type": "group",
        "z": "e945457b85248933",
        "name": "Ecriture des données dans les txt",
        "style": {
            "label": true
        },
        "nodes": [
            "90cb7cfbaf7a2068",
            "14485b1f58356b8b",
            "813e07d035e1e490",
            "f2e1261f09a8281f",
            "7f0455166606f1ce",
            "9986c0eea50e02a6",
            "e342ec11069ab6f5"
        ],
        "x": 1034,
        "y": 219,
        "w": 412,
        "h": 302
    },
    {
        "id": "fcd0162c4886fa22",
        "type": "ui_template",
        "z": "e945457b85248933",
        "g": "4003fb74d4c52910",
        "group": "a93a4abb71234ddc",
        "name": "",
        "order": 4,
        "width": "7",
        "height": "5",
        "format": "<h4 style=\"padding-bottom: 25px; text-align:center;\"> Données Méteo </h4>\n<table>\n    <!-- Temperature pour chaque heure\n    <tr>\n        <th>Heure</th>\n        <th>Température</th>\n    </tr>\n    \n    <tr ng-repeat=\"hourlyData in msg.payload.prem24H\">\n        <td>{{ hourlyData.time }}</td>\n        <td>{{ hourlyData.values.temperature }}</td>\n        <td>{{ hourlyData.values.weatherCode }}</td>\n    </tr> -->\n    <tr>\n        <td >Date</td>\n        <td>{{ msg.payload.dateFinale }}</td>\n    </tr>\n    <tr>\n        <td>Température moyenne</td>\n        <td>{{ msg.payload.temperatureMoyenne }} °C</td>\n    </tr>\n    <tr>\n        <td>Type Journée</td>\n        <td>{{ msg.payload.typeJournee }}</td>\n    </tr>\n    <tr>\n        <td>Détails de la Journée</td>\n        <td>{{ msg.payload.weatherType }}</td>\n    </tr>\n    <tr>\n        <td>Ville</td>\n        <td>{{msg.payload.location.name}}</td>\n    </tr>\n</table>",
        "storeOutMessages": true,
        "fwdInMessages": true,
        "resendOnRefresh": true,
        "templateScope": "local",
        "className": "",
        "x": 920,
        "y": 360,
        "wires": [
            []
        ]
    },
    {
        "id": "be9ba0aef07af86a",
        "type": "inject",
        "z": "e945457b85248933",
        "g": "4003fb74d4c52910",
        "name": "",
        "props": [
            {
                "p": "payload"
            },
            {
                "p": "topic",
                "vt": "str"
            }
        ],
        "repeat": "",
        "crontab": "",
        "once": false,
        "onceDelay": 0.1,
        "topic": "",
        "payload": "",
        "payloadType": "date",
        "x": 270,
        "y": 300,
        "wires": [
            [
                "0a04f23a5d4c3218",
                "c361bd08ba50392f"
            ]
        ]
    },
    {
        "id": "0a04f23a5d4c3218",
        "type": "http request",
        "z": "e945457b85248933",
        "g": "4003fb74d4c52910",
        "name": "",
        "method": "GET",
        "ret": "txt",
        "paytoqs": "ignore",
        "url": "https://api.tomorrow.io/v4/weather/forecast?location=Pau&timesteps=hourly&units=metric&apikey=UL7Ptx4JtCykSowhBDPv5q3zA70Xm0uq",
        "tls": "",
        "persist": false,
        "proxy": "",
        "insecureHTTPParser": false,
        "authType": "",
        "senderr": false,
        "headers": [
            {
                "keyType": "Accept",
                "keyValue": "",
                "valueType": "other",
                "valueValue": "application/json"
            }
        ],
        "x": 450,
        "y": 300,
        "wires": [
            [
                "b668badd4ed3a22f"
            ]
        ]
    },
    {
        "id": "b668badd4ed3a22f",
        "type": "function",
        "z": "e945457b85248933",
        "g": "4003fb74d4c52910",
        "name": "Récupère les donnée",
        "func": "var jsonString = msg.payload;\nvar jsonData = JSON.parse(jsonString); //Conversion\n\n//toutes les données\nmsg.payload=jsonData \n//24 heures\nvar prem24H = jsonData.timelines.hourly.slice(0, 25); \njsonData.prem24H = prem24H;\n\n//Date du jour \nvar lol = jsonData.timelines.hourly[0].time\nvar dateJour = new Date(lol);\nvar dateFinale = dateJour.toISOString().split('T')[0];\njsonData.dateFinale = dateFinale;\n\n//Moyenne temperature\nvar temperatures = jsonData.prem24H.map(function (hourlyData) {\n    return hourlyData.values.temperature;\n});\nvar temperatureMoyenne = temperatures.reduce(function (total, temperature) {\n    return total + temperature;\n}, 0) / temperatures.length;\n\ntemperatureMoyenne = Math.round(temperatureMoyenne * 100) / 100;\njsonData.temperatureMoyenne = temperatureMoyenne;\n\n//Type de Journée\n\nvar typeJournee = \"\";\nif(temperatureMoyenne<16){\n    typeJournee= \"Humide\"\n} else if (temperatureMoyenne >= 16 && temperatureMoyenne > 25) {\n    typeJournee = \"Normale\"\n} else if (temperatureMoyenne >= 25 && temperatureMoyenne > 35) {\n    typeJournee = \"Sec\"\n}else{\n    typeJournee= \"Caniculaire\"\n}\n\njsonData.typeJournee = typeJournee;\n\n//Deatils du temps\nvar weatherCodes = jsonData.prem24H.map(function (hourlyData) {\n    return hourlyData.values.weatherCode;\n});\n\nvar maxWeatherCode = Math.max(...weatherCodes);\nvar weatherType = \"\";\nif (maxWeatherCode >= 1000 && maxWeatherCode < 2000) {\n    weatherType = \"Claire\";\n} else if (maxWeatherCode >= 2000 && maxWeatherCode < 3000) {\n    weatherType = \"Nugeux\";\n} else if (maxWeatherCode >= 5000 && maxWeatherCode < 6000) {\n    weatherType = \"Neige\";\n} else{\n    weatherType= \"Pluie/Orage\"\n}\njsonData.weatherType = weatherType;\n//J'ai ecris tout ce blabla mais on peut juste prendre la condition ou il y a la pluie pour arreter the irrigation\n\nreturn msg;\n\n\n",
        "outputs": 1,
        "timeout": 0,
        "noerr": 0,
        "initialize": "",
        "finalize": "",
        "libs": [],
        "x": 660,
        "y": 300,
        "wires": [
            [
                "fcd0162c4886fa22",
                "90cb7cfbaf7a2068",
                "1a3dcff257bdec27",
                "fd5b50c21a3cd22e"
            ]
        ]
    },
    {
        "id": "90cb7cfbaf7a2068",
        "type": "function",
        "z": "e945457b85248933",
        "g": "f474f1a5f19bdea8",
        "name": "Récupère le temps",
        "func": "var typeJournee2= \"\";\nif (msg.payload.typeJournee=\"Humide\"){\n    typeJournee2 = 2;\n} else if (msg.payload.typeJournee=\"Normale\") {\n    typeJournee2 = 1;\n} else if (msg.payload.typeJournee=\"Sec\") {\n    typeJournee2 = 3;\n} else{\n    typeJournee2 = 4;\n}\n\nmsg.payload = typeJournee2;\nreturn msg;\n",
        "outputs": 1,
        "timeout": 0,
        "noerr": 0,
        "initialize": "",
        "finalize": "",
        "libs": [],
        "x": 1150,
        "y": 260,
        "wires": [
            [
                "7f0455166606f1ce"
            ]
        ]
    },
    {
        "id": "5f837385c45be716",
        "type": "exec",
        "z": "e945457b85248933",
        "g": "02116ec9e38245bf",
        "command": "./Valeurs ",
        "addpay": "",
        "append": "",
        "useSpawn": "false",
        "timer": "",
        "winHide": false,
        "oldrc": false,
        "name": "",
        "x": 420,
        "y": 680,
        "wires": [
            [
                "aa2c025abe71c727"
            ],
            [],
            []
        ]
    },
    {
        "id": "aa2c025abe71c727",
        "type": "split",
        "z": "e945457b85248933",
        "g": "02116ec9e38245bf",
        "name": "",
        "splt": ",",
        "spltType": "str",
        "arraySplt": "1",
        "arraySpltType": "len",
        "stream": false,
        "addname": "",
        "x": 570,
        "y": 680,
        "wires": [
            [
                "2738cf75fa412719"
            ]
        ]
    },
    {
        "id": "2738cf75fa412719",
        "type": "switch",
        "z": "e945457b85248933",
        "g": "02116ec9e38245bf",
        "name": "",
        "property": "parts.index",
        "propertyType": "msg",
        "rules": [
            {
                "t": "eq",
                "v": "1",
                "vt": "str"
            },
            {
                "t": "eq",
                "v": "0",
                "vt": "str"
            }
        ],
        "checkall": "true",
        "repair": false,
        "outputs": 2,
        "x": 720,
        "y": 680,
        "wires": [
            [
                "1a3dcff257bdec27"
            ],
            [
                "399739fcda4e36dd"
            ]
        ]
    },
    {
        "id": "30580e4cf82b13e8",
        "type": "ui_gauge",
        "z": "e945457b85248933",
        "g": "02116ec9e38245bf",
        "name": "",
        "group": "9325c7f78628da2f",
        "order": 6,
        "width": 5,
        "height": 5,
        "gtype": "wave",
        "title": "Quantité d'eau",
        "label": " Litres",
        "format": "{{value}}",
        "min": 0,
        "max": "6",
        "colors": [
            "#00b500",
            "#e6e600",
            "#ca3838"
        ],
        "seg1": "",
        "seg2": "",
        "diff": false,
        "className": "",
        "x": 1180,
        "y": 640,
        "wires": []
    },
    {
        "id": "2b900f5dd90189c3",
        "type": "ui_gauge",
        "z": "e945457b85248933",
        "g": "02116ec9e38245bf",
        "name": "",
        "group": "9325c7f78628da2f",
        "order": 5,
        "width": 5,
        "height": 5,
        "gtype": "donut",
        "title": "Fréquence d'arrosage",
        "label": " x/jour",
        "format": "{{value}} ",
        "min": 0,
        "max": "2.5",
        "colors": [
            "#94e3fe",
            "#94e3fe",
            "#94e3fe"
        ],
        "seg1": "",
        "seg2": "",
        "diff": false,
        "className": "",
        "x": 1460,
        "y": 760,
        "wires": []
    },
    {
        "id": "14485b1f58356b8b",
        "type": "ui_numeric",
        "z": "e945457b85248933",
        "g": "f474f1a5f19bdea8",
        "name": "",
        "label": "Type de tomate",
        "tooltip": "",
        "group": "9325c7f78628da2f",
        "order": 1,
        "width": 0,
        "height": 0,
        "wrap": false,
        "passthru": true,
        "topic": "payload",
        "topicType": "msg",
        "format": "{{value}}",
        "min": "1",
        "max": "3",
        "step": 1,
        "className": "",
        "x": 1160,
        "y": 320,
        "wires": [
            [
                "f2e1261f09a8281f"
            ]
        ]
    },
    {
        "id": "813e07d035e1e490",
        "type": "ui_numeric",
        "z": "e945457b85248933",
        "g": "f474f1a5f19bdea8",
        "name": "",
        "label": "Type de sol",
        "tooltip": "",
        "group": "9325c7f78628da2f",
        "order": 2,
        "width": 0,
        "height": 0,
        "wrap": false,
        "passthru": true,
        "topic": "payload",
        "topicType": "msg",
        "format": "{{value}}",
        "min": "1",
        "max": "2",
        "step": 1,
        "className": "",
        "x": 1170,
        "y": 380,
        "wires": [
            [
                "9986c0eea50e02a6"
            ]
        ]
    },
    {
        "id": "f2e1261f09a8281f",
        "type": "file",
        "z": "e945457b85248933",
        "g": "f474f1a5f19bdea8",
        "name": "",
        "filename": "./Tomate.txt",
        "filenameType": "str",
        "appendNewline": false,
        "createDir": false,
        "overwriteFile": "true",
        "encoding": "none",
        "x": 1350,
        "y": 320,
        "wires": [
            []
        ]
    },
    {
        "id": "7f0455166606f1ce",
        "type": "file",
        "z": "e945457b85248933",
        "g": "f474f1a5f19bdea8",
        "name": "",
        "filename": "./Temp.txt",
        "filenameType": "str",
        "appendNewline": false,
        "createDir": false,
        "overwriteFile": "true",
        "encoding": "none",
        "x": 1340,
        "y": 260,
        "wires": [
            []
        ]
    },
    {
        "id": "0c4b49ca7273310a",
        "type": "ui_text",
        "z": "e945457b85248933",
        "g": "d18c9478209caf8c",
        "group": "a93a4abb71234ddc",
        "order": 1,
        "width": 5,
        "height": 2,
        "name": "",
        "label": "Type de tomate",
        "format": "Tomate cœur de bœuf = 1<br>Tomate cerise = 2<br>Tomate ananas = 3<br>",
        "layout": "col-center",
        "className": "",
        "style": false,
        "font": "Palatino Linotype,Palatino,Book Antiqua,serif",
        "fontSize": 16,
        "color": "#000000",
        "x": 260,
        "y": 160,
        "wires": []
    },
    {
        "id": "38fef16bdc183df6",
        "type": "ui_text",
        "z": "e945457b85248933",
        "g": "d18c9478209caf8c",
        "group": "a93a4abb71234ddc",
        "order": 2,
        "width": 5,
        "height": 2,
        "name": "",
        "label": "Type de sol",
        "format": "Sol argileux = 1<br>Sol sablonneux = 2",
        "layout": "col-center",
        "className": "",
        "style": false,
        "font": "Times New Roman,Times,serif",
        "fontSize": 16,
        "color": "#000000",
        "x": 250,
        "y": 200,
        "wires": []
    },
    {
        "id": "9986c0eea50e02a6",
        "type": "file",
        "z": "e945457b85248933",
        "g": "f474f1a5f19bdea8",
        "name": "",
        "filename": "./Sol.txt",
        "filenameType": "str",
        "appendNewline": false,
        "createDir": false,
        "overwriteFile": "true",
        "encoding": "none",
        "x": 1340,
        "y": 400,
        "wires": [
            []
        ]
    },
    {
        "id": "e20923262b5adadb",
        "type": "ui_button",
        "z": "e945457b85248933",
        "g": "02116ec9e38245bf",
        "name": "",
        "group": "9325c7f78628da2f",
        "order": 3,
        "width": 0,
        "height": 0,
        "passthru": false,
        "label": "Launch",
        "tooltip": "",
        "color": "",
        "bgcolor": "",
        "className": "",
        "icon": "",
        "payload": "",
        "payloadType": "str",
        "topic": "topic",
        "topicType": "msg",
        "x": 340,
        "y": 780,
        "wires": [
            [
                "5f837385c45be716",
                "7dce2b798bf3c410"
            ]
        ]
    },
    {
        "id": "1a3dcff257bdec27",
        "type": "function",
        "z": "e945457b85248933",
        "g": "02116ec9e38245bf",
        "name": "Diminue quantité",
        "func": "if (msg.payload.weatherType =\"Pluie/Orage\"){\n    msg.payload = Number(msg.payload)-0.5;\n} \n\nreturn msg;\n",
        "outputs": 1,
        "timeout": 0,
        "noerr": 0,
        "initialize": "",
        "finalize": "",
        "libs": [],
        "x": 930,
        "y": 640,
        "wires": [
            [
                "30580e4cf82b13e8"
            ]
        ]
    },
    {
        "id": "76c681c8ed4acc53",
        "type": "ui_text",
        "z": "e945457b85248933",
        "g": "4003fb74d4c52910",
        "group": "9325c7f78628da2f",
        "order": 7,
        "width": 0,
        "height": 0,
        "name": "",
        "label": "",
        "format": "{{msg.payload}}",
        "layout": "row-spread",
        "className": "",
        "style": false,
        "font": "",
        "fontSize": 16,
        "color": "#000000",
        "x": 730,
        "y": 420,
        "wires": []
    },
    {
        "id": "fd5b50c21a3cd22e",
        "type": "function",
        "z": "e945457b85248933",
        "g": "4003fb74d4c52910",
        "name": "Risque de pluie",
        "func": "if (msg.payload.weatherType =\"Pluie/Orage\"){\n    msg.payload = \"Quantité diminuée car risque de pluie\";\n} \n\nreturn msg;\n",
        "outputs": 1,
        "timeout": 0,
        "noerr": 0,
        "initialize": "",
        "finalize": "",
        "libs": [],
        "x": 540,
        "y": 420,
        "wires": [
            [
                "76c681c8ed4acc53"
            ]
        ]
    },
    {
        "id": "c361bd08ba50392f",
        "type": "function",
        "z": "e945457b85248933",
        "g": "4003fb74d4c52910",
        "name": "Compteur Jour",
        "func": "context.global.count = context.global.count || 0;\n\ncontext.global.count++;\n\nmsg.payload = context.global.count;\n\n\nreturn msg;\n\n",
        "outputs": 1,
        "timeout": 0,
        "noerr": 0,
        "initialize": "",
        "finalize": "",
        "libs": [],
        "x": 280,
        "y": 400,
        "wires": [
            [
                "334b67e3014f9930"
            ]
        ]
    },
    {
        "id": "e342ec11069ab6f5",
        "type": "function",
        "z": "e945457b85248933",
        "g": "f474f1a5f19bdea8",
        "name": "Recupère l'humidité",
        "func": "// Définir l'intervalle et d'autres paramètres\nlet intervalleMin = 0;\nlet intervalleMax = 0;\n\nswitch (msg.payload.typeJournee) {\n case 1: // Temps normal\n intervalleMin = 60;\n intervalleMax = 80;\n break;\n case 2: // Temps humide\n intervalleMin = 80;\n intervalleMax = 100;\n break;\n case 3: // Temps sec\n intervalleMin = 40;\n intervalleMax = 60;\n break;\n case 4: // Temps caniculaire\n intervalleMin = 0;\n intervalleMax = 40;\n break;\n}\n\n// Fonction pour générer des chiffres sinusoïdaux avec des sauts aléatoires\nfunction humidite() {\n let valeur = intervalleMin;\n let croissance = true;\n let cpt = 0;\n\n // Fonction pour générer une valeur sinusoïdale avec saut aléatoire\n function valeurSinusoidale() {\n const sautAleatoire = Math.random() * 10+2;\n\n if (croissance) {\n valeur += sautAleatoire;\n } else {\n valeur -= sautAleatoire;\n }\n valeur = Math.max(intervalleMin, Math.min(intervalleMax, valeur));\n cpt++;\n //console.log(\"cpt2 : \" + cpt);\n \n if (cpt == 8){\n croissance = !croissance;\n cpt = 0;\n }\n\n return Math.floor(valeur);\n }\n\n return valeurSinusoidale;\n}\n\n// Utilisation de la fonction pour générer des chiffres sinusoïdaux avec des sauts aléatoires\nconst generateur = humidite();\n\n// Générer les chiffres 24 fois\nlet somme = 0;\nfor (let i = 0; i < 24; i++) {\n somme += generateur();\n //console.log(\"valeur : \" + generateur());\n}\n\n// Calculer la moyenne\nlet moyenne = somme / 24;\nconsole.log(\"moyenne : \" + moyenne);\n\n// Envoyer la moyenne dans msg.payload\nmsg.payload = Math.round(moyenne);\n\n// Le résultat est maintenant disponible dans msg.payload\nreturn msg;\n",
        "outputs": 1,
        "timeout": 0,
        "noerr": 0,
        "initialize": "",
        "finalize": "",
        "libs": [],
        "x": 1170,
        "y": 480,
        "wires": [
            []
        ]
    },
    {
        "id": "334b67e3014f9930",
        "type": "file",
        "z": "e945457b85248933",
        "g": "4003fb74d4c52910",
        "name": "",
        "filename": "./Horodatage.txt",
        "filenameType": "str",
        "appendNewline": true,
        "createDir": false,
        "overwriteFile": "true",
        "encoding": "none",
        "x": 280,
        "y": 480,
        "wires": [
            []
        ]
    },
    {
        "id": "7dce2b798bf3c410",
        "type": "file in",
        "z": "e945457b85248933",
        "g": "02116ec9e38245bf",
        "name": "",
        "filename": "./Horodatage.txt",
        "filenameType": "str",
        "format": "utf8",
        "chunk": false,
        "sendError": false,
        "encoding": "none",
        "allProps": false,
        "x": 560,
        "y": 780,
        "wires": [
            [
                "bd5f543c87928045",
                "44dc984ac2ee901b"
            ]
        ]
    },
    {
        "id": "1790b2c24b2dd8f8",
        "type": "comment",
        "z": "e945457b85248933",
        "name": "COMPTEUR HORODATAGE",
        "info": "HORODATAGE QUI SE REINITIALISE",
        "x": 160,
        "y": 560,
        "wires": []
    },
    {
        "id": "44dc984ac2ee901b",
        "type": "debug",
        "z": "e945457b85248933",
        "g": "02116ec9e38245bf",
        "name": "debug 1",
        "active": true,
        "tosidebar": true,
        "console": true,
        "tostatus": true,
        "complete": "payload",
        "targetType": "msg",
        "statusVal": "payload",
        "statusType": "auto",
        "x": 650,
        "y": 860,
        "wires": []
    },
    {
        "id": "bd5f543c87928045",
        "type": "change",
        "z": "e945457b85248933",
        "g": "02116ec9e38245bf",
        "name": "",
        "rules": [
            {
                "t": "set",
                "p": "var",
                "pt": "global",
                "to": "payload",
                "tot": "msg"
            }
        ],
        "action": "",
        "property": "",
        "from": "",
        "to": "",
        "reg": false,
        "x": 920,
        "y": 800,
        "wires": [
            [
                "f989edc854b7d886"
            ]
        ]
    },
    {
        "id": "f989edc854b7d886",
        "type": "function",
        "z": "e945457b85248933",
        "g": "02116ec9e38245bf",
        "name": "Phase de croissance",
        "func": "var g= global.get('var');\nvar h = global.get('var2')\nif (Number(g)>42 && Number(g)<=77){\n    h=Number(h)+1;\n\n}\nmsg.payload = h;\nreturn msg;",
        "outputs": 1,
        "timeout": 0,
        "noerr": 0,
        "initialize": "",
        "finalize": "",
        "libs": [],
        "x": 1180,
        "y": 760,
        "wires": [
            [
                "2b900f5dd90189c3"
            ]
        ]
    },
    {
        "id": "399739fcda4e36dd",
        "type": "change",
        "z": "e945457b85248933",
        "g": "02116ec9e38245bf",
        "name": "",
        "rules": [
            {
                "t": "set",
                "p": "var2",
                "pt": "global",
                "to": "payload",
                "tot": "msg"
            }
        ],
        "action": "",
        "property": "",
        "from": "",
        "to": "",
        "reg": false,
        "x": 930,
        "y": 720,
        "wires": [
            [
                "f989edc854b7d886"
            ]
        ]
    },
    {
        "id": "0d926babd3157b65",
        "type": "inject",
        "z": "e945457b85248933",
        "g": "02116ec9e38245bf",
        "name": "",
        "props": [
            {
                "p": "topic",
                "vt": "str"
            }
        ],
        "repeat": "3",
        "crontab": "",
        "once": false,
        "onceDelay": 0.1,
        "topic": "",
        "x": 160,
        "y": 780,
        "wires": [
            [
                "e20923262b5adadb"
            ]
        ]
    },
    {
        "id": "01c21edd96477e45",
        "type": "comment",
        "z": "e945457b85248933",
        "g": "02116ec9e38245bf",
        "name": "LAUNCH AUTOMATIQUE",
        "info": "fAIRE EN SORTE QUE LE LAUNCH SOIT INJECTER AUTOMATIQUEMENT",
        "x": 170,
        "y": 720,
        "wires": []
    },
    {
        "id": "e2a0bba54cf948c2",
        "type": "ui_spacer",
        "z": "e945457b85248933",
        "name": "spacer",
        "group": "a93a4abb71234ddc",
        "order": 3,
        "width": 1,
        "height": 1
    },
    {
        "id": "f9e0e7a1b6ec6d72",
        "type": "ui_spacer",
        "z": "e945457b85248933",
        "name": "spacer",
        "group": "9325c7f78628da2f",
        "order": 4,
        "width": "10",
        "height": "1"
    },
    {
        "id": "a93a4abb71234ddc",
        "type": "ui_group",
        "name": "Légende",
        "tab": "c8589c49d93ab08a",
        "order": 1,
        "disp": true,
        "width": "7",
        "collapse": false,
        "className": ""
    },
    {
        "id": "9325c7f78628da2f",
        "type": "ui_group",
        "name": "UI",
        "tab": "c8589c49d93ab08a",
        "order": 2,
        "disp": true,
        "width": "10",
        "collapse": false,
        "className": ""
    },
    {
        "id": "c8589c49d93ab08a",
        "type": "ui_tab",
        "name": "Arrosage automatique",
        "icon": "dashboard",
        "disabled": false,
        "hidden": false
    }
]