[
    {
        "id": "aa518b824b8557a5",
        "type": "tab",
        "label": "Projet_nr",
        "disabled": false,
        "info": "",
        "env": []
    },
    {
        "id": "16e01fbb15f520c0",
        "type": "group",
        "z": "aa518b824b8557a5",
        "name": "Envoie du 1",
        "style": {
            "label": true
        },
        "nodes": [
            "c19b63626f71d7c0",
            "f7ddfd46dbcdb646"
        ],
        "x": 934,
        "y": 171.5,
        "w": 192,
        "h": 189.5
    },
    {
        "id": "789aa2862ba55063",
        "type": "group",
        "z": "aa518b824b8557a5",
        "name": "UI dropdown",
        "style": {
            "label": true
        },
        "nodes": [
            "894519f4424562d6",
            "bba488e1dea01b4a",
            "fd6b54e198025f8f"
        ],
        "x": 954,
        "y": 419,
        "w": 212,
        "h": 202
    },
    {
        "id": "894519f4424562d6",
        "type": "ui_dropdown",
        "z": "aa518b824b8557a5",
        "g": "789aa2862ba55063",
        "name": "",
        "label": "Type de tomate",
        "tooltip": "",
        "place": "Type de tomate",
        "group": "9325c7f78628da2f",
        "order": 1,
        "width": "6",
        "height": "1",
        "passthru": true,
        "multiple": false,
        "options": [
            {
                "label": "Tomate Coeur de boeuf",
                "value": "1",
                "type": "str"
            },
            {
                "label": "Tomate Cerise",
                "value": "2",
                "type": "str"
            },
            {
                "label": "Tomate Ananas",
                "value": "3",
                "type": "str"
            }
        ],
        "payload": "",
        "topic": "topic",
        "topicType": "msg",
        "className": "",
        "x": 1060,
        "y": 460,
        "wires": [
            []
        ]
    },
    {
        "id": "bba488e1dea01b4a",
        "type": "ui_dropdown",
        "z": "aa518b824b8557a5",
        "g": "789aa2862ba55063",
        "name": "",
        "label": "Type de sol",
        "tooltip": "",
        "place": "Type de sol",
        "group": "9325c7f78628da2f",
        "order": 2,
        "width": "6",
        "height": "1",
        "passthru": true,
        "multiple": false,
        "options": [
            {
                "label": "Sol argileux",
                "value": "1",
                "type": "str"
            },
            {
                "label": "Sol sablonneux",
                "value": "2",
                "type": "str"
            }
        ],
        "payload": "",
        "topic": "topic",
        "topicType": "msg",
        "className": "",
        "x": 1050,
        "y": 520,
        "wires": [
            []
        ]
    },
    {
        "id": "fd6b54e198025f8f",
        "type": "ui_dropdown",
        "z": "aa518b824b8557a5",
        "g": "789aa2862ba55063",
        "name": "",
        "label": "Type de temps",
        "tooltip": "",
        "place": "Type de temps",
        "group": "9325c7f78628da2f",
        "order": 3,
        "width": "6",
        "height": "1",
        "passthru": true,
        "multiple": false,
        "options": [
            {
                "label": "Normal",
                "value": "1",
                "type": "str"
            },
            {
                "label": "Humide",
                "value": "2",
                "type": "str"
            },
            {
                "label": "Sec",
                "value": "3",
                "type": "str"
            },
            {
                "label": "Canniculaire",
                "value": "4",
                "type": "str"
            }
        ],
        "payload": "",
        "topic": "topic",
        "topicType": "msg",
        "className": "",
        "x": 1060,
        "y": 580,
        "wires": [
            []
        ]
    },
    {
        "id": "c19b63626f71d7c0",
        "type": "debug",
        "z": "aa518b824b8557a5",
        "g": "16e01fbb15f520c0",
        "name": "debug 1",
        "active": true,
        "tosidebar": true,
        "console": false,
        "tostatus": true,
        "complete": "true",
        "targetType": "full",
        "statusVal": "payload",
        "statusType": "auto",
        "x": 1020,
        "y": 320,
        "wires": []
    },
    {
        "id": "f7ddfd46dbcdb646",
        "type": "exec",
        "z": "aa518b824b8557a5",
        "g": "16e01fbb15f520c0",
        "command": "./Valeurs ",
        "addpay": "payload",
        "append": "",
        "useSpawn": "false",
        "timer": "",
        "winHide": false,
        "oldrc": false,
        "name": "",
        "x": 1020,
        "y": 220,
        "wires": [
            [
                "c19b63626f71d7c0"
            ],
            [],
            []
        ]
    },
    {
        "id": "3ee8500b7115905a",
        "type": "join",
        "z": "aa518b824b8557a5",
        "name": "",
        "mode": "custom",
        "build": "string",
        "property": "topic",
        "propertyType": "msg",
        "key": "topic",
        "joiner": ",",
        "joinerType": "str",
        "accumulate": false,
        "timeout": "",
        "count": "",
        "reduceRight": false,
        "reduceExp": "",
        "reduceInit": "",
        "reduceInitType": "",
        "reduceFixup": "",
        "x": 590,
        "y": 240,
        "wires": [
            [
                "78387dbdb68aa2ce"
            ]
        ]
    },
    {
        "id": "78387dbdb68aa2ce",
        "type": "debug",
        "z": "aa518b824b8557a5",
        "name": "debug 2",
        "active": true,
        "tosidebar": true,
        "console": false,
        "tostatus": true,
        "complete": "true",
        "targetType": "full",
        "statusVal": "payload",
        "statusType": "auto",
        "x": 760,
        "y": 240,
        "wires": []
    },
    {
        "id": "0ed5f8fd2c841ab3",
        "type": "inject",
        "z": "aa518b824b8557a5",
        "name": "",
        "props": [
            {
                "p": "payload"
            }
        ],
        "repeat": "",
        "crontab": "",
        "once": false,
        "onceDelay": 0.1,
        "topic": "",
        "payload": "1",
        "payloadType": "num",
        "x": 310,
        "y": 160,
        "wires": [
            [
                "3ee8500b7115905a"
            ]
        ]
    },
    {
        "id": "df50f3750c937d77",
        "type": "inject",
        "z": "aa518b824b8557a5",
        "name": "",
        "props": [
            {
                "p": "payload"
            }
        ],
        "repeat": "",
        "crontab": "",
        "once": false,
        "onceDelay": 0.1,
        "topic": "",
        "payload": "2",
        "payloadType": "num",
        "x": 310,
        "y": 220,
        "wires": [
            [
                "3ee8500b7115905a"
            ]
        ]
    },
    {
        "id": "e8994b6c6242d3ce",
        "type": "inject",
        "z": "aa518b824b8557a5",
        "name": "",
        "props": [
            {
                "p": "payload"
            }
        ],
        "repeat": "",
        "crontab": "",
        "once": false,
        "onceDelay": 0.1,
        "topic": "",
        "payload": "3",
        "payloadType": "num",
        "x": 310,
        "y": 280,
        "wires": [
            [
                "3ee8500b7115905a"
            ]
        ]
    },
    {
        "id": "9325c7f78628da2f",
        "type": "ui_group",
        "name": "UI",
        "tab": "fe7117821b4fa179",
        "order": 1,
        "disp": true,
        "width": "6",
        "collapse": false,
        "className": ""
    },
    {
        "id": "fe7117821b4fa179",
        "type": "ui_tab",
        "name": "Home",
        "icon": "dashboard",
        "disabled": false,
        "hidden": false
    }
]